1877.32,France,Frankreich
1876.40,Spain,Spanien
1874.81,Argentina,Argentinien
1825.97,England,England
1763.83,Portugal,Portugal
1761.16,Brazil,Brasilien
1757.87,Netherlands,Niederlande
1755.87,Morocco,Marokko
1734.71,Belgium,Belgien
1730.37,Germany,Deutschland
1717.07,Croatia,Kroatien
1700.37,Italy,Italien
1693.09,Colombia,Kolumbien
1688.99,Senegal,Senegal
1681.03,Mexico,Mexiko
1673.13,USA,USA
1673.07,Uruguay,Uruguay
1660.43,Japan,Japan
1649.40,Switzerland,Schweiz
1620.81,Denmark,Dänemark
1615.30,IR Iran,Iran
1599.04,Türkiye,Türkei
1594.78,Ecuador,Ecuador
1593.45,Austria,Österreich
1588.66,Korea Republic,Südkorea
1585.09,Nigeria,Nigeria
1580.67,Australia,Australien
1564.26,Algeria,Algerien
1563.24,Egypt,Ägypten
1556.48,Canada,Kanada
1550.94,Norway,Norwegen
1546.88,Ukraine,Ukraine
1540.64,Panama,Panama
1532.98,Côte d'Ivoire,Elfenbeinküste
1528.00,Poland,Polen
1525.60,Russia,Russland
1524.29,Wales,Wales
1514.77,Sweden,Schweden
1508.65,Serbia,Serbien
1503.50,Paraguay,Paraguay
1501.38,Czechia,Tschechien
1500.58,Hungary,Ungarn
1498.35,Scotland,Schottland
1483.05,Tunisia,Tunesien
1481.24,Cameroon,Kamerun
1478.35,Congo DR,DR Kongo
1475.82,Greece,Griechenland
1473.94,Slovakia,Slowakei
1468.05,Venezuela,Venezuela
1465.34,Uzbekistan,Usbekistan
1459.90,Costa Rica,Costa Rica
1459.13,Mali,Mali
1455.87,Peru,Peru
1455.28,Chile,Chile
1454.96,Qatar,Katar
1451.16,Romania,Rumänien
1447.14,Iraq,Irak
1446.44,Slovenia,Slowenien
1436.63,Republic of Ireland,Irland
1429.73,South Africa,Südafrika
1421.43,Saudi Arabia,Saudi-Arabien
1412.49,Burkina Faso,Burkina Faso
1391.45,Jordan,Jordanien
1388.06,Albania,Albanien
1385.84,Bosnia and Herzegovina,Bosnien und Herzegowina
1380.27,Honduras,Honduras
1372.04,North Macedonia,Nordmazedonien
1370.47,United Arab Emirates,VAE
1366.13,Cabo Verde,Kap Verde
1362.16,Northern Ireland,Nordirland
1358.00,Jamaica,Jamaika
1350.18,Georgia,Georgien
1346.41,Finland,Finnland
1346.31,Ghana,Ghana
1345.07,Iceland,Island
1329.42,Bolivia,Bolivien
1328.33,Israel,Israel
1318.83,Kosovo,Kosovo
1313.46,Oman,Oman
1300.01,Guinea,Guinea
1295.52,Montenegro,Montenegro
1294.65,Curaçao,Curaçao
1291.71,Haiti,Haiti
1288.56,Syria,Syrien
1281.57,New Zealand,Neuseeland
1278.90,Bulgaria,Bulgarien
1272.51,Gabon,Gabun
1264.09,Uganda,Uganda
1263.10,Angola,Angola
1258.98,Benin,Benin
1258.53,Bahrain,Bahrain
1255.82,Zambia,Sambia
1252.14,Thailand,Thailand
1251.60,China PR,China
1244.73,Palestine,Palästina
1243.47,Guatemala,Guatemala
1235.82,Belarus,Belarus
1227.77,Luxembourg,Luxemburg
1225.68,Vietnam,Vietnam
1225.26,El Salvador,El Salvador
1224.31,Mozambique,Mosambik
1222.94,Trinidad and Tobago,Trinidad und Tobago
1221.78,Tajikistan,Tadschikistan
1203.76,Madagascar,Madagaskar
1195.20,Equatorial Guinea,Äquatorialguinea
1191.42,Armenia,Armenien
1191.14,Kyrgyz Republic,Kirgisistan
1187.96,Lebanon,Libanon
1187.91,Comoros,Komoren
1182.96,Kazakhstan,Kasachstan
1182.23,Kenya,Kenia
1182.08,Libya,Libyen
1180.27,Tanzania,Tansania
1179.66,Niger,Niger
1170.72,Mauritania,Mauretanien
1160.38,The Gambia,Gambia
1157.22,Sudan,Sudan
1151.05,Korea DPR,Nordkorea
1148.98,Sierra Leone,Sierra Leone
1148.84,Namibia,Namibia
1147.31,Togo,Togo
1144.88,Indonesia,Indonesien
1137.14,Faroe Islands,Färöer-Inseln
1136.67,Azerbaijan,Aserbaidschan
1132.43,Suriname,Suriname
1128.33,Cyprus,Zypern
1128.03,Malawi,Malawi
1126.62,Rwanda,Ruanda
1121.10,Estonia,Estland
1118.12,Zimbabwe,Simbabwe
1115.13,Nicaragua,Nicaragua
1108.38,Guinea-Bissau,Guinea-Bissau
1105.96,Congo,Kongo
1105.10,Kuwait,Kuwait
1094.10,Philippines,Philippinen
1091.03,India,Indien
1090.57,Latvia,Lettland
1086.22,Malaysia,Malaysia
1083.57,Central African Republic,Zentralafrikanische Republik
1079.02,Liberia,Liberia
1078.65,Turkmenistan,Turkmenistan
1078.01,Burundi,Burundi
1077.95,Dominican Republic,Dominikanische Republik
1071.55,Ethiopia,Äthiopien
1067.13,Lesotho,Lesotho
1063.63,Botswana,Botswana
1059.53,Singapore,Singapur
1058.42,Lithuania,Litauen
1049.49,Yemen,Jemen
1049.32,Guyana,Guyana
1036.95,New Caledonia,Neukaledonien
1036.33,St Kitts and Nevis,St. Kitts und Nevis
1031.89,Solomon Islands,Salomonen
1029.70,Fiji,Fidschi
1026.63,Hong Kong China,Hongkong
1026.11,Puerto Rico,Puerto Rico
1019.04,Tahiti,Tahiti
1011.88,Myanmar,Myanmar
1004.16,Moldova,Moldawien
997.01,Vanuatu,Vanuatu
987.73,Malta,Malta
986.58,Antigua and Barbuda,Antigua und Barbuda
982.57,Grenada,Grenada
981.42,Cuba,Kuba
979.01,Eswatini,Eswatini
976.87,Bermuda,Bermuda
976.71,St Lucia,St. Lucia
974.90,Papua New Guinea,Papua-Neuguinea
972.75,Afghanistan,Afghanistan
970.94,South Sudan,Südsudan
968.27,St Vincent and the Grenadines,St. Vincent und die Grenadinen
954.93,Maldives,Malediven
945.34,Andorra,Andorra
923.78,Chinese Taipei,Taiwan
916.75,Montserrat,Montserrat
914.54,Nepal,Nepal
911.54,Cambodia,Kambodscha
911.49,Mauritius,Mauritius
909.89,Barbados,Barbados
907.00,Belize,Belize
899.53,Bangladesh,Bangladesch
897.69,Dominica,Dominica
896.85,Chad,Tschad
887.06,Eritrea,Eritrea
885.03,Laos,Laos
880.55,Bhutan,Bhutan
879.75,Mongolia,Mongolei
877.53,Cook Islands,Cookinseln
877.30,Aruba,Aruba
876.41,Samoa,Samoa
871.82,Sri Lanka,Sri Lanka
871.61,American Samoa,Amerikanisch-Samoa
863.09,Brunei Darussalam,Brunei
858.03,Macau,Macau
855.45,Cayman Islands,Cayman-Inseln
855.44,São Tomé and Príncipe,São Tomé und Príncipe
853.58,Djibouti,Dschibuti
839.17,Somalia,Somalia
835.64,Tonga,Tonga
825.64,Timor-Leste,Osttimor
825.43,Guam,Guam
824.60,Pakistan,Pakistan
810.14,Gibraltar,Gibraltar
804.16,Seychelles,Seychellen
803.98,Turks and Caicos Islands,Turks- und Caicosinseln
803.57,Liechtenstein,Liechtenstein
786.82,Bahamas,Bahamas
782.14,British Virgin Islands,Britische Jungferninseln
779.76,US Virgin Islands,Amerikanische Jungferninseln
760.25,Anguilla,Anguilla
726.33,San Marino,San Marino
